﻿pos_x,pos_y,rotation,side,designator,mpn,pack,footprint,value,mount_type
113.75,-81.1,180.0,top,B0-RST1,653-B3U-1000P ,,SW_SPST_B3U-1000P,SW_Push,smt
169.75,-75.75,-90.0,top,C1,81-GRM02YR60G104ME1L ,,C_0402_1005Metric,100n,smt
113.25,-98.35,-90.0,top,C10,81-GRM02YR60G104ME1L ,,C_0402_1005Metric,100n,smt
125.25,-87.83,90.0,top,C11,81-GRM02YR60G104ME1L ,,C_0402_1005Metric,100n,smt
124.25,-98.85,0.0,top,C12,81-GRM02YR60G104ME1L ,,C_0402_1005Metric,100n,smt
144.6,-93.525,-90.0,top,C13,963-BJCT168CB7105KR ,,C_0603_1608Metric,1u,smt
108.5,-93.1,180.0,top,C14,81-GRM02YR60G104ME1L ,,C_0402_1005Metric,100n,smt
122.5,-101.62,-90.0,top,C15,81-GRM02YR60G104ME1L ,,C_0402_1005Metric,100n,smt
112.75,-87.83,90.0,top,C16,81-GRM02YR60G104ME1L ,,C_0402_1005Metric,100n,smt
127.75,-89.58,90.0,top,C17,81-GRM02YR60G104ME1L ,,C_0402_1005Metric,100n,smt
127.75,-91.62,-90.0,top,C18,81-GRM02YR60G104ME1L ,,C_0402_1005Metric,100n,smt
164.8,-93.125,-90.0,top,C19,963-BJCT168CB7105KR ,,C_0603_1608Metric,1u,smt
137.076,-80.275,90.0,top,C2,810-C3216X5R1E476M ,,C_1206_3216Metric,47u,smt
117.5,-85.6,0.0,top,C20,81-GRM02YR60G104ME1L ,,C_0402_1005Metric,100n,smt
105.05,-90.33,90.0,top,C21,81-GJM0225C1C6R8CB1L ,,C_0402_1005Metric,6p8,smt
107.8,-87.85,180.0,top,C22,81-GJM0225C1C6R8CB1L ,,C_0402_1005Metric,6p8,smt
132.599998,-70.975999,90.0,top,C23,187-CL10B104KB8NFNC ,,C_0603_1608Metric,0u1,smt
135.875001,-64.301,0.0,top,C24,187-CL10B104KB8NFNC ,,C_0603_1608Metric,0u1,smt
125.824999,-73.701,180.0,top,C25,187-CL10B104KB8NFNC ,,C_0603_1608Metric,0u1,smt
125.375001,-64.301,180.0,top,C26,187-CL10B104KB8NFNC ,,C_0603_1608Metric,0u1,smt
124.599998,-68.476001,90.0,top,C27,187-CL10B104KB8NFNC ,,C_0603_1608Metric,0u1,smt
166.974999,-107.29,0.0,top,C28,963-BJCT168CB7105KR ,,C_0603_1608Metric,1u,smt
168.199999,-116.065,-90.0,top,C29,963-BJCT168CB7105KR ,,C_0603_1608Metric,1u,smt
158.25,-63.75,0.0,top,C3,81-GRM02YR60G104ME1L ,,C_0402_1005Metric,100n,smt
168.599999,-111.29,-90.0,top,C30,810-C3216X5R1E476M ,,C_1206_3216Metric,47u,smt
171.399999,-107.345,90.0,top,C31,77-V0402Y103KXJAC31X ,,C_0402_1005Metric,10n,smt
156.2,-113.545,-90.0,top,C32,81-GRM02YR60G104ME1L ,,C_0402_1005Metric,100n,smt
158.2,-109.865,-90.0,top,C33,963-MLASE042SB5102MW ,,C_0402_1005Metric,1n,smt
117.574999,-107.29,0.0,top,C34,963-BJCT168CB7105KR ,,C_0603_1608Metric,1u,smt
118.799999,-116.065,-90.0,top,C35,963-BJCT168CB7105KR ,,C_0603_1608Metric,1u,smt
119.199999,-111.29,-90.0,top,C36,810-C3216X5R1E476M ,,C_1206_3216Metric,47u,smt
121.999999,-107.345,90.0,top,C37,77-V0402Y103KXJAC31X ,,C_0402_1005Metric,10n,smt
106.799999,-113.545,-90.0,top,C38,81-GRM02YR60G104ME1L ,,C_0402_1005Metric,100n,smt
108.799999,-109.865,-90.0,top,C39,963-MLASE042SB5102MW ,,C_0402_1005Metric,1n,smt
157.98,-67.0,180.0,top,C4,81-GRM02YR60G104ME1L ,,C_0402_1005Metric,100n,smt
146.600004,-70.975,90.0,top,C40,187-CL10B104KB8NFNC ,,C_0603_1608Metric,0u1,smt
149.875007,-64.3,0.0,top,C41,187-CL10B104KB8NFNC ,,C_0603_1608Metric,0u1,smt
139.825004,-73.7,180.0,top,C42,187-CL10B104KB8NFNC ,,C_0603_1608Metric,0u1,smt
139.375007,-64.3,180.0,top,C43,187-CL10B104KB8NFNC ,,C_0603_1608Metric,0u1,smt
138.600004,-68.475,90.0,top,C44,187-CL10B104KB8NFNC ,,C_0603_1608Metric,0u1,smt
142.314999,-107.29,0.0,top,C45,963-BJCT168CB7105KR ,,C_0603_1608Metric,1u,smt
143.539999,-116.065,-90.0,top,C46,963-BJCT168CB7105KR ,,C_0603_1608Metric,1u,smt
143.939999,-111.29,-90.0,top,C47,810-C3216X5R1E476M ,,C_1206_3216Metric,47u,smt
146.739999,-107.345,90.0,top,C48,77-V0402Y103KXJAC31X ,,C_0402_1005Metric,10n,smt
131.54,-113.545,-90.0,top,C49,81-GRM02YR60G104ME1L ,,C_0402_1005Metric,100n,smt
157.975,-69.25,180.0,top,C5,810-C3216X5R1E476M ,,C_1206_3216Metric,47u,smt
133.54,-109.865,-90.0,top,C50,963-MLASE042SB5102MW ,,C_0402_1005Metric,1n,smt
118.6,-70.975999,90.0,top,C51,187-CL10B104KB8NFNC ,,C_0603_1608Metric,0u1,smt
121.875003,-64.301,0.0,top,C52,187-CL10B104KB8NFNC ,,C_0603_1608Metric,0u1,smt
111.825001,-73.701,180.0,top,C53,187-CL10B104KB8NFNC ,,C_0603_1608Metric,0u1,smt
111.375003,-64.301,180.0,top,C54,187-CL10B104KB8NFNC ,,C_0603_1608Metric,0u1,smt
110.6,-68.476001,90.0,top,C55,187-CL10B104KB8NFNC ,,C_0603_1608Metric,0u1,smt
119.25,-101.37,-90.0,top,C56,81-GRM02YR60G104ME1L ,,C_0402_1005Metric,100n,smt
120.75,-101.6,-90.0,top,C57,963-BJCT168CB7105KR ,,C_0603_1608Metric,1u,smt
122.02,-77.35,180.0,top,C58,81-GRM02YR60G104ME1L ,,C_0402_1005Metric,100n,smt
157.0,-76.32,-90.0,top,C6,77-V0402Y103KXJAC31X ,,C_0402_1005Metric,10n,smt
112.75,-85.125,90.0,top,C7,963-MLASE168AB5475KT ,,C_0603_1608Metric,4u7,smt
125.0,-101.62,90.0,top,C8,81-GRM02YR60G104ME1L ,,C_0402_1005Metric,100n,smt
114.25,-86.83,90.0,top,C9,81-GRM02YR60G104ME1L ,,C_0402_1005Metric,100n,smt
136.7875,-85.2,180.0,top,D1,720-GWJTLMS3.G3G758 ,,LED_0603_1608Metric,LED,smt
157.0,-129.0,180.0,top,D10,621-SMBJ18A-13-F ,,DIOM5336X250N,SMBJ18A-13-F,smt
107.599999,-129.0,180.0,top,D11,621-SMBJ18A-13-F ,,DIOM5336X250N,SMBJ18A-13-F,smt
132.34,-129.0,180.0,top,D12,621-SMBJ18A-13-F ,,DIOM5336X250N,SMBJ18A-13-F,smt
156.05,-59.0,0.0,top,D2,576-SMBJ188A ,,DIOM5436X244N,SMBJ18A,smt
108.3125,-82.85,0.0,top,D3,720-GWJTLMS3.G3G758 ,,LED_0603_1608Metric,LED,smt
172.599999,-117.465,90.0,top,D5,621-SMBJ18A-13-F ,,DIOM5336X250N,SMBJ18A-13-F,smt
123.199999,-117.465,90.0,top,D7,621-SMBJ18A-13-F ,,DIOM5336X250N,SMBJ18A-13-F,smt
147.939999,-117.465,90.0,top,D9,621-SMBJ18A-13-F ,,DIOM5336X250N,SMBJ18A-13-F,smt
158.15,-65.5,0.0,top,FB1,810-MMZ1005F181ETD25 ,,BEADC1005X55N,MMZ1005F181ETD25,smt
123.75,-101.7,-90.0,top,FB2,810-MMZ1005F181ETD25 ,,BEADC1005X55N,MMZ1005F181ETD25,smt
134.6,-58.051,180.0,top,FSENS1,306-S4B-XH-ALFSN ,,JST_XH_S4B-XH-A-1_1x04_P2.50mm_Horizontal,Conn_01x04_Socket,tht
148.600007,-58.05,180.0,top,FSENS2,306-S4B-XH-ALFSN ,,JST_XH_S4B-XH-A-1_1x04_P2.50mm_Horizontal,Conn_01x04_Socket,tht
120.600002,-58.051,180.0,top,FSENS3,306-S4B-XH-ALFSN ,,JST_XH_S4B-XH-A-1_1x04_P2.50mm_Horizontal,Conn_01x04_Socket,tht
140.1,-94.7,90.0,bottom,IC1,946-MA702GQ-P ,,QFN50P300X300X100-17N-D,MA702GQ-P,smt
115.575,-69.201,-90.0,top,IC10,584-AD8221ARMZ ,,SOP65P490X110-8N,AD8221ARMZ,smt
129.574998,-69.201,-90.0,top,IC2,584-AD8221ARMZ ,,SOP65P490X110-8N,AD8221ARMZ,smt
164.295,-112.602,-90.0,top,IC3,942-IR2103STRPBF ,,SOIC127P600X175-8N,IR2103STRPBF,smt
158.75,-114.315,90.0,top,IC4, 595-INA180A3IDBVT ,,SOT95P280X145-5N,INA180A3IDBVT,smt
114.894999,-112.602,-90.0,top,IC5,942-IR2103STRPBF ,,SOIC127P600X175-8N,IR2103STRPBF,smt
109.349999,-114.315,90.0,top,IC6, 595-INA180A3IDBVT ,,SOT95P280X145-5N,INA180A3IDBVT,smt
143.575004,-69.2,-90.0,top,IC7,584-AD8221ARMZ ,,SOP65P490X110-8N,AD8221ARMZ,smt
139.635,-112.602,-90.0,top,IC8,942-IR2103STRPBF ,,SOIC127P600X175-8N,IR2103STRPBF,smt
134.09,-114.315,90.0,top,IC9, 595-INA180A3IDBVT ,,SOT95P280X145-5N,INA180A3IDBVT,smt
164.5,-65.0,180.0,top,J4,806-KLDHCX-0202-BC-1 ,,KLDHCX0202BC1,KLDHCX-0202-BC-1,tht
175.0,-87.25,90.0,top,J7,USB4510-03-1-A,,USB4510031A,USB4510-03-1-A,tht
147.75,-81.25,180.0,top,L2,673-PA4343.682ANLT ,,INDPM135126X650N,PA4343.682ANLT,smt
172.875,-126.164999,90.0,top,Q1,78-SIR182DP-T1-RE3 ,,SI7141DPT1GE3,SiR182DP-T1-RE3,smt
165.095,-126.075,90.0,top,Q2,78-SIR182DP-T1-RE3 ,,SI7141DPT1GE3,SiR182DP-T1-RE3,smt
123.474999,-126.165,90.0,top,Q3,78-SIR182DP-T1-RE3 ,,SI7141DPT1GE3,SiR182DP-T1-RE3,smt
115.694999,-126.075,90.0,top,Q4,78-SIR182DP-T1-RE3 ,,SI7141DPT1GE3,SiR182DP-T1-RE3,smt
148.215,-126.164999,90.0,top,Q5,78-SIR182DP-T1-RE3 ,,SI7141DPT1GE3,SiR182DP-T1-RE3,smt
140.435,-126.075,90.0,top,Q6,78-SIR182DP-T1-RE3 ,,SI7141DPT1GE3,SiR182DP-T1-RE3,smt
157.0,-72.975,-90.0,top,R1,660-RN73H1ETP4701D25 ,,R_0603_1608Metric,4k7,smt
142.6,-100.175,-90.0,top,R10,667-ERA-1AEB103C ,,R_0603_1608Metric,10k,smt
140.6,-100.35,-90.0,top,R11,667-ERA-1AEB103C ,,R_0603_1608Metric,10k,smt
136.775,-97.775,0.0,top,R12,667-ERA-1AEB103C ,,R_0603_1608Metric,10k,smt
134.2,-93.1,90.0,top,R13,667-ERA-1AEB103C ,,R_0603_1608Metric,10k,smt
136.1,-93.075,-90.0,top,R14,667-ERA-1AEB103C ,,R_0603_1608Metric,10k,smt
167.5,-83.425,90.0,top,R15,667-ERA-1AEB512C ,,R_0603_1608Metric,5k1,smt
165.5,-88.825,-90.0,top,R16,667-ERA-1AEB512C ,,R_0603_1608Metric,5k1,smt
108.425,-84.85,180.0,top,R17,71-CRCW06031K00FKED,,R_0603_1608Metric,1k,smt
109.175,-80.85,0.0,top,R18,754-RG0603P-101-D ,,R_0603_1608Metric,100R,smt
115.925,-83.85,180.0,top,R19,667-ERA-1AEB103C ,,R_0603_1608Metric,10k,smt
165.575,-79.25,180.0,top,R2,594-MCT06030C1103FP5 ,,R_0603_1608Metric,110k,smt
132.35,-64.301,0.0,top,R20,754-RR0816P-4021D59H ,,R_0603_1608Metric,4k02,smt
129.274999,-73.701,180.0,top,R21,71-CRCW06031K00FKED,,R_0603_1608Metric,1k0,smt
132.599994,-67.626,90.0,top,R22,603-RT0603FRD07180RL,,R_0603_1608Metric,180,smt
128.775001,-64.376,0.0,top,R23,754-RR0816P-4021D59H ,,R_0603_1608Metric,4k02,smt
126.599998,-70.876,90.0,top,R24,667-ERA-1AEB103C ,,R_0603_1608Metric,10k,smt
126.599998,-67.526001,90.0,top,R25,667-ERA-1AEB103C ,,R_0603_1608Metric,10k,smt
165.199999,-119.465,-90.0,top,R26,754-RG0603P-101-D ,,R_0603_1608Metric,100R,smt
162.4,-119.49,90.0,top,R27,754-RG0603P-101-D ,,R_0603_1608Metric,100R,smt
173.199999,-110.6,-90.0,top,R28,660-RN73H1ETP4701D25 ,,R_0603_1608Metric,4k7,smt
173.199999,-107.225,-90.0,top,R29,71-CRCW06031K00FKED,,R_0603_1608Metric,1k,smt
173.325,-72.0,180.0,top,R3,603-RT0603FRE1375KL ,,R_0603_1608Metric,75k,smt
159.8,-110.29,90.0,top,R30,71-CRCW06031K00FKED,,R_0603_1608Metric,1k,smt
158.5375,-119.865,0.0,top,R31,603-P1206FRF470R002L ,,R_1206_3216Metric,2mR,smt
115.799999,-119.465,-90.0,top,R32,754-RG0603P-101-D ,,R_0603_1608Metric,100R,smt
112.999999,-119.49,90.0,top,R33,754-RG0603P-101-D ,,R_0603_1608Metric,100R,smt
123.799999,-110.6,-90.0,top,R34,660-RN73H1ETP4701D25 ,,R_0603_1608Metric,4k7,smt
123.799999,-107.225,-90.0,top,R35,71-CRCW06031K00FKED,,R_0603_1608Metric,1k,smt
110.399999,-110.29,90.0,top,R36,71-CRCW06031K00FKED,,R_0603_1608Metric,1k,smt
109.137499,-119.865,0.0,top,R37,603-P1206FRF470R002L ,,R_1206_3216Metric,2mR,smt
146.350007,-64.3,0.0,top,R38,754-RR0816P-4021D59H ,,R_0603_1608Metric,4k02,smt
143.275004,-73.7,180.0,top,R39,71-CRCW06031K00FKED,,R_0603_1608Metric,1k0,smt
136.775,-87.2,180.0,top,R4,71-CRCW06031K00FKED,,R_0603_1608Metric,1k,smt
146.6,-67.625,90.0,top,R40,603-RT0603FRD07180RL,,R_0603_1608Metric,180,smt
142.775007,-64.375,0.0,top,R41,754-RR0816P-4021D59H ,,R_0603_1608Metric,4k02,smt
140.600004,-70.875,90.0,top,R42,667-ERA-1AEB103C ,,R_0603_1608Metric,10k,smt
140.600004,-67.525,90.0,top,R43,667-ERA-1AEB103C ,,R_0603_1608Metric,10k,smt
140.539999,-119.465,-90.0,top,R44,754-RG0603P-101-D ,,R_0603_1608Metric,100R,smt
137.74,-119.49,90.0,top,R45,754-RG0603P-101-D ,,R_0603_1608Metric,100R,smt
148.539999,-110.6,-90.0,top,R46,660-RN73H1ETP4701D25 ,,R_0603_1608Metric,4k7,smt
148.539999,-107.225,-90.0,top,R47,71-CRCW06031K00FKED,,R_0603_1608Metric,1k,smt
135.14,-110.29,90.0,top,R48,71-CRCW06031K00FKED,,R_0603_1608Metric,1k,smt
133.8775,-119.865,0.0,top,R49,603-P1206FRF470R002L ,,R_1206_3216Metric,2mR,smt
164.25,-76.075,90.0,top,R5,594-MCS04020D1202BE0 ,,R_0603_1608Metric,12k,smt
118.350002,-64.301,0.0,top,R50,754-RR0816P-4021D59H ,,R_0603_1608Metric,4k02,smt
115.275001,-73.701,180.0,top,R51,71-CRCW06031K00FKED,,R_0603_1608Metric,1k0,smt
118.599996,-67.626,90.0,top,R52,603-RT0603FRD07180RL,,R_0603_1608Metric,180,smt
114.775003,-64.376,0.0,top,R53,754-RR0816P-4021D59H ,,R_0603_1608Metric,4k02,smt
112.6,-70.876,90.0,top,R54,667-ERA-1AEB103C ,,R_0603_1608Metric,10k,smt
112.6,-67.526001,90.0,top,R55,667-ERA-1AEB103C ,,R_0603_1608Metric,10k,smt
154.25,-72.875,-90.0,top,R6,71-CRCW06031K00FKED,,R_0603_1608Metric,1k,smt
172.5,-75.575,-90.0,top,R7,667-ERA-3AEB243V ,,R_0603_1608Metric,24k,smt
143.35,-96.95,90.0,top,R8,667-ERA-1AEB103C ,,R_0603_1608Metric,10k,smt
104.925,-93.35,180.0,top,R9,667-ERA-1AEB103C ,,R_0603_1608Metric,10k,smt
167.2,-75.8625,-90.0,top,TP6841S1,,,SOT-23-6,~,smt
119.075,-93.1,0.0,top,U1, 511-STM32G474RET6 ,,LQFP-64_10x10mm_P0.5mm,STM32G474RETx,smt
159.55,-88.2125,-90.0,top,U2,511-USBLC6-2SC6 ,,SOT-23-6,USBLC6-2SC6,smt
108.225,-90.375,180.0,top,Y1,344-NX2016SA24S08891 ,,NX2016SA24MEXS00ACS08891,NX2016SA-24M-EXS00A-CS08891,smt
