﻿Designator,Quantity,Value,Footprint,Package,MPN,DNP,Mount_Type,Description,Link,MF,MP,SUPPLIER,Mouser Part Number,Sim.Pins,Height,Manufacturer_Name,Mouser Price/Stock,Arrow Part Number,Arrow Price/Stock
B0-RST1,1,SW_Push,SW_SPST_B3U-1000P,,653-B3U-1000P ,,smt,"Push button switch, generic, two pins",https://www.mouser.de/ProductDetail/Omron-Electronics/B3U-1000P?qs=AO7BQMcsEu4ip80xyf2FwA%3D%3D, Omron Electronics , B3U-1000P ,Mouser,,,,,,,
"C1, C10, C11, C12, C14, C15, C16, C17, C18, C20, C3, C32, C38, C4, C49, C56, C58, C8, C9",19,100n,C_0402_1005Metric,,81-GRM02YR60G104ME1L ,,smt,Unpolarized capacitor,https://www.mouser.de/ProductDetail/Murata-Electronics/GRM02YR60G104ME01L?qs=sGAEpiMZZMvsSlwiRhF8qtsGU%2FCnaNeQz9wKg5C9GCFQHvB0t%2FlOkg%3D%3D,Murata Electronics ,GRM02YR60G104ME01L ,,,,,,,,
"C13, C19, C28, C29, C34, C35, C45, C46, C57",9,1u,C_0603_1608Metric,,963-BJCT168CB7105KR ,,smt,Unpolarized capacitor,https://www.mouser.de/ProductDetail/TAIYO-YUDEN/MBJCT168CB7105KRPA01?qs=tlsG%2FOw5FFiW4D2JlbGZ0Q%3D%3D, TAIYO YUDEN , MBJCT168CB7105KRPA01 ,,,,,,,,
"C2, C30, C36, C47, C5",5,47u,C_1206_3216Metric,,810-C3216X5R1E476M ,,smt,Unpolarized capacitor,https://www.mouser.de/ProductDetail/TDK/C3216X5R1E476M160AC?qs=NRhsANhppD%252BqapdVvBvu4Q%3D%3D, TDK , C3216X5R1E476M160AC ,,963-MLASE31LBB5476MT ,,,,,,
"C21, C22",2,6p8,C_0402_1005Metric,,81-GJM0225C1C6R8CB1L ,,smt,Unpolarized capacitor,https://www.mouser.de/ProductDetail/Murata-Electronics/GJM0225C1C6R8CB01L?qs=ui%252B2d9lVEI5C8Lh2WnSXLQ%3D%3D, Murata Electronics ,GJM0225C1C6R8CB01L ,,,,,,,,
"C23, C24, C25, C26, C27, C40, C41, C42, C43, C44, C51, C52, C53, C54, C55",15,0u1,C_0603_1608Metric,,187-CL10B104KB8NFNC ,,smt,Unpolarized capacitor,https://www.mouser.de/ProductDetail/Samsung-Electro-Mechanics/CL10B104KB8NFNC?qs=sGAEpiMZZMvsSlwiRhF8qunkWFWGyo%252Bv1GZw38BXXfVnkeSfSD0rvg%3D%3D, Samsung Electro-Mechanics , CL10B104KB8NFNC ,Mouser,,,,,,,
"C31, C37, C48, C6",4,10n,C_0402_1005Metric,,77-V0402Y103KXJAC31X ,,smt,Unpolarized capacitor,https://www.mouser.de/ProductDetail/Vishay-Vitramon/VJ0402Y103KXJAC31X?qs=%252BRX4mxi9f%2F9MQMm3%252BCiqZg%3D%3D, Vishay / Vitramon , VJ0402Y103KXJAC31X ,,,,,,,,
"C33, C39, C50",3,1n,C_0402_1005Metric,,963-MLASE042SB5102MW ,,smt,Unpolarized capacitor,https://www.mouser.de/ProductDetail/TAIYO-YUDEN/MLASE042SB5102MWNA01?qs=tlsG%2FOw5FFhDNhy8ETfNOw%3D%3D, TAIYO YUDEN , MLASE042SB5102MWNA01 ,,,,,,,,
C7,1,4u7,C_0603_1608Metric,,963-MLASE168AB5475KT ,,smt,Unpolarized capacitor,https://www.mouser.de/ProductDetail/TAIYO-YUDEN/MLASE168AB5475KTNA01?qs=tlsG%2FOw5FFihcKM5Bww3QA%3D%3D, TAIYO YUDEN , MLASE168AB5475KTNA01 ,,,,,,,,
"D1, D3",2,LED,LED_0603_1608Metric,,720-GWJTLMS3.G3G758 ,,smt,Light emitting diode,https://www.mouser.de/ProductDetail/ams-OSRAM/GW-JTLMS3.GM-G3G7-XX58-1-60-R33?qs=sGAEpiMZZMsl8UZd3ZuU6d%252BHxqLN0nCLgzCAVPzeUpNbMsIafGvD2Q%3D%3D, ams OSRAM , GW JTLMS3.GM-G3G7-XX58-1-60-R33 ,,,1=K 2=A,,,,,
"D10, D11, D12, D5, D7, D9",6,SMBJ18A-13-F,DIOM5336X250N,,621-SMBJ18A-13-F ,,smt,"Diodes Inc SMBJ18A-13-F Uni-Directional TVS Diode, 600W peak, 2-Pin SMB",https://eu.mouser.com/ProductDetail/Diodes-Incorporated/SMBJ18A-13-F?qs=gaDBXWSqsDBisKX%2FYSuPGA%3D%3D, Diodes Incorporated ,SMBJ18A-13-F ,,621-SMBJ18A-13-F,,2.5,Diodes Incorporated,http://www.mouser.com/Search/ProductDetail.aspx?qs=gaDBXWSqsDBisKX%2fYSuPGA%3d%3d,SMBJ18A-13-F,https://www.arrow.com/en/products/smbj18a-13-f/diodes-incorporated?region=nac
D2,1,SMBJ18A,DIOM5436X244N,,576-SMBJ188A ,,smt,SMBJ18A,https://www.mouser.de/ProductDetail/Littelfuse/SMBJ188A?qs=zHiv0nsVGmqpK5qihuf5vg%3D%3D, Littelfuse ,SMBJ188A ,,,,2.44,Vishay,,,
"FB1, FB2",2,MMZ1005F181ETD25,BEADC1005X55N,,810-MMZ1005F181ETD25 ,,smt,"Chip Beads, |Z|=180? at 100MHz, L x W x T :",https://www.mouser.de/ProductDetail/TDK/MMZ1005F181ETD25?qs=5aG0NVq1C4zmqj9hx2f6tw%3D%3D, TDK ,MMZ1005F181ETD25 ,,810-MMZ1005F181ETD25,,0.55,TDK,https://www.mouser.co.uk/ProductDetail/TDK/MMZ1005F181ETD25?qs=5aG0NVq1C4zmqj9hx2f6tw%3D%3D,,
"FSENS1, FSENS2, FSENS3",3,Conn_01x04_Socket,JST_XH_S4B-XH-A-1_1x04_P2.50mm_Horizontal,,306-S4B-XH-ALFSN ,,tht,"Generic connector, single row, 01x04, script generated",https://www.mouser.de/ProductDetail/JST-Commercial/S4B-XH-ALFSN?qs=sGAEpiMZZMvlX3nhDDO4AHguVQqtVxvARZdLHpgOX24%3D, JST Commercial ,S4B-XH-A(LF)(SN) ,Mouser,,,,,,,
IC1,1,MA702GQ-P,QFN50P300X300X100-17N-D,,946-MA702GQ-P ,,smt,"Board Mount Hall Effect / Magnetic Sensors 12-bit, digital, contactless angle sensor with ABZ incremental & PWM outputs",https://www.mouser.de/ProductDetail/Monolithic-Power-Systems-MPS/MA702GQ-P?qs=YCa%2FAAYMW00G2PoyJvHwYg%3D%3D, Monolithic Power Systems (MPS) ,MA702GQ-P ,,946-MA702GQ-P,,1,Monolithic Power Systems (MPS),https://www.mouser.co.uk/ProductDetail/Monolithic-Power-Systems-MPS/MA702GQ-P?qs=YCa%2FAAYMW00G2PoyJvHwYg%3D%3D,,
"IC10, IC2, IC7",3,AD8221ARMZ,SOP65P490X110-8N,,584-AD8221ARMZ ,,smt,Instrumentation Amplifiers Precision Instrumentation Amplifier,https://www.mouser.de/ProductDetail/Analog-Devices/AD8221ARMZ?qs=%2FtpEQrCGXCxTYonUPIPyhA%3D%3D, Analog Devices ,AD8221ARMZ ,,584-AD8221ARMZ,,1.1,Analog Devices,https://www.mouser.co.uk/ProductDetail/Analog-Devices/AD8221ARMZ?qs=%2FtpEQrCGXCxTYonUPIPyhA%3D%3D,AD8221ARMZ,https://www.arrow.com/en/products/ad8221armz/analog-devices?utm_currency=USD&region=europe
"IC3, IC5, IC8",3,IR2103STRPBF,SOIC127P600X175-8N,,942-IR2103STRPBF ,,smt,Gate Drivers Half Bridge Driver 520ns,https://www.mouser.de/ProductDetail/Infineon-Technologies/IR2103STRPBF?qs=2r01AXMCG3MUNnnJnNllYQ%3D%3D, Infineon Technologies , IR2103STRPBF ,,942-IR2103STRPBF,,1.75,Infineon,https://www.mouser.co.uk/ProductDetail/Infineon-Technologies/IR2103STRPBF?qs=2r01AXMCG3MUNnnJnNllYQ%3D%3D,IR2103STRPBF,https://www.arrow.com/en/products/ir2103strpbf/infineon-technologies-ag?utm_currency=USD&region=nac
"IC4, IC6, IC9",3,INA180A3IDBVT,SOT95P280X145-5N,, 595-INA180A3IDBVT ,,smt,"26V, 350kHz Bandwidth, Low- or High-Side Voltage Output Current Sense Amplifier",https://www.mouser.de/ProductDetail/Texas-Instruments/INA180A3IDBVT?qs=5aG0NVq1C4yYIoZxdnrAcQ%3D%3D, Texas Instruments ,INA180A3IDBVT ,,595-INA180A3IDBVT,,1.45,Texas Instruments,https://www.mouser.co.uk/ProductDetail/Texas-Instruments/INA180A3IDBVT?qs=5aG0NVq1C4yYIoZxdnrAcQ%3D%3D,INA180A3IDBVT,https://www.arrow.com/en/products/ina180a3idbvt/texas-instruments?utm_currency=USD&region=europe
J1,1,Conn_A,SolderWire-2sqmm_1x01_D2mm_OD3.9mm,,,,tht,"Generic connector, single row, 01x01, script generated",,,,,,,,,,,
J2,1,Conn_B,SolderWire-2sqmm_1x01_D2mm_OD3.9mm,,,,tht,"Generic connector, single row, 01x01, script generated",,,,,,,,,,,
J3,1,Conn_C,SolderWire-2sqmm_1x01_D2mm_OD3.9mm,,,,tht,"Generic connector, single row, 01x01, script generated",,,,,,,,,,,
J4,1,KLDHCX-0202-BC-1,KLDHCX0202BC1,,806-KLDHCX-0202-BC-1 ,,tht,DC Power Connectors POWER JACK 2.5MM DIA CRIMP LEAD HIGH-CURR,https://www.mouser.de/ProductDetail/Kycon/KLDHCX-0202-BC-1?qs=T3oQrply3y%2Fc5isYEQ6gcA%3D%3D, Kycon ,KLDHCX-0202-BC-1 ,,806-KLDHCX-0202-BC-1,,11,Kycon,https://www.mouser.co.uk/ProductDetail/Kycon/KLDHCX-0202-BC-1?qs=T3oQrply3y%2Fc5isYEQ6gcA%3D%3D,,
J7,1,USB4510-03-1-A,USB4510031A,,USB4510-03-1-A,,tht,"USB Connectors USB C Rec 16P 3u"" Mid Mnt 1.6mm O-set SMT L = 6.5mm S-Spring",,,,,640-USB4510031A,,3.36,GCT (GLOBAL CONNECTOR TECHNOLOGY),https://www.mouser.co.uk/ProductDetail/GCT/USB4510-03-1-A?qs=7D1LtPJG0i3iod3O3OZ7LA%3D%3D,,
L2,1,PA4343.682ANLT,INDPM135126X650N,,673-PA4343.682ANLT ,,smt,"PULSE ELECTRONICS - PA4343.682ANLT - INDUCTOR, SHIELDED, AEC-Q200, 6.8UH, 14A",https://www.mouser.de/ProductDetail/Pulse-Electronics/PA4343.682ANLT?qs=chTDxNqvsymdGvgwnDGbsw%3D%3D, Pulse Electronics ,PA4343.682ANLT ,,673-PA4343.682ANLT,,6.5,PULSE,https://www.mouser.co.uk/ProductDetail/Pulse-Electronics/PA4343.682ANLT?qs=chTDxNqvsymdGvgwnDGbsw%3D%3D,PA4343.682ANLT,https://www.arrow.com/en/products/pa4343.682anlt/pulse-electronics-corporation
"Q1, Q2, Q3, Q4, Q5, Q6",6,SiR182DP-T1-RE3,SI7141DPT1GE3,,78-SIR182DP-T1-RE3 ,,smt,"VISHAY - SIR180DP-T1-RE3 - MOSFET, N-CH, 60V, 60A, POWERPAK SO",https://www.mouser.de/ProductDetail/Vishay-Siliconix/SIR182DP-T1-RE3?qs=BZBei1rCqCAnM3726exXMw%3D%3D, Vishay / Siliconix ,SIR182DP-T1-RE3 ,,78-SIR180DP-T1-RE3,,,Vishay,https://www.mouser.co.uk/ProductDetail/Vishay-Siliconix/SIR180DP-T1-RE3?qs=lYGu3FyN48fOYZK9fT%252B0jA%3D%3D,SIR180DP-T1-RE3,https://www.arrow.com/en/products/sir180dp-t1-re3/vishay
"R1, R28, R34, R46",4,4k7,R_0603_1608Metric,,660-RN73H1ETP4701D25 ,,smt,Resistor,https://www.mouser.de/ProductDetail/KOA-Speer/RN73H1ETTP4701D25?qs=9tvNVxbbcEqGYY49eq7YbA%3D%3D,KOA Speer ,RN73H1ETTP4701D25 ,,,,,,,,
"R10, R11, R12, R13, R14, R19, R24, R25, R42, R43, R54, R55, R8, R9",14,10k,R_0603_1608Metric,,667-ERA-1AEB103C ,,smt,Resistor,https://www.mouser.de/ProductDetail/Panasonic/ERA-1AEB103C?qs=6%252Bc%252B2ke79U4Rqou4jG9qiw%3D%3D, Panasonic ,ERA-1AEB103C ,Mouser,,,,,,,
"R15, R16",2,5k1,R_0603_1608Metric,,667-ERA-1AEB512C ,,smt,Resistor,https://www.mouser.de/ProductDetail/Panasonic/ERA-1AEB512C?qs=kmv%2FWw32SUPxoa66rYctCQ%3D%3D, Panasonic ,ERA-1AEB512C ,,,,,,,,
"R17, R29, R30, R35, R36, R4, R47, R48, R6",9,1k,R_0603_1608Metric,,71-CRCW06031K00FKED,,smt,Resistor,https://www.mouser.de/ProductDetail/Vishay-Dale/CRCW06031K00FKED?qs=sGAEpiMZZMtlubZbdhIBIKbhzOdzan%2FGTch9K0lp5pQ%3D,Vishay / Dale ,CRCW06031K00FKED ,,,,,,,,
"R18, R26, R27, R32, R33, R44, R45",7,100R,R_0603_1608Metric,,754-RG0603P-101-D ,,smt,Resistor,https://www.mouser.de/ProductDetail/Susumu/RG0603P-101-D-T10?qs=amGC7iS6iy8p2KCMQy1Fkw%3D%3D, Susumu ,RG0603P-101-D-T10 ,,,,,,,,
R2,1,110k,R_0603_1608Metric,,594-MCT06030C1103FP5 ,,smt,Resistor,https://www.mouser.de/ProductDetail/Vishay-Beyschlag/MCT06030C1103FP500?qs=sIxod1zg5hFpOe0TZKDUbg%3D%3D, Vishay / Beyschlag ,MCT06030C1103FP500 ,,,,,,,,
"R20, R23, R38, R41, R50, R53",6,4k02,R_0603_1608Metric,,754-RR0816P-4021D59H ,,smt,Resistor,https://www.mouser.de/ProductDetail/Susumu/RR0816P-4021-D-59H?qs=sGAEpiMZZMtlubZbdhIBIHPiT0YkkodQSUZkF2OfZb8%3D,Susumu ,RR0816P-4021-D-59H ,Mouser,,,,,,,
"R21, R39, R51",3,1k0,R_0603_1608Metric,,71-CRCW06031K00FKED,,smt,Resistor,https://www.mouser.de/ProductDetail/Vishay-Dale/CRCW06031K00FKED?qs=sGAEpiMZZMtlubZbdhIBIKbhzOdzan%2FGTch9K0lp5pQ%3D,Vishay / Dale ,CRCW06031K00FKED ,Mouser,,,,,,,
"R22, R40, R52",3,180,R_0603_1608Metric,,603-RT0603FRD07180RL,,smt,Resistor,https://www.mouser.de/ProductDetail/YAGEO/RT0603FRD07180RL?qs=k2KEx2DUIRRD8AVbi43seQ%3D%3D,YAGEO ,RT0603FRD07180RL ,Mouser,,,,,,,
R3,1,75k,R_0603_1608Metric,,603-RT0603FRE1375KL ,,smt,Resistor,https://www.mouser.de/ProductDetail/YAGEO/RT0603FRE1375KL?qs=1mbolxNpo8dTJT9DBXDTpQ%3D%3D, YAGEO ,RT0603FRE1375KL ,,,,,,,,
"R31, R37, R49",3,2mR,R_1206_3216Metric,,603-P1206FRF470R002L ,,smt,Resistor,https://www.mouser.de/ProductDetail/YAGEO/PA1206FRF470R002L?qs=w%2Fv1CP2dgqqJolUeSgPIEA%3D%3D, YAGEO ,PA1206FRF470R002L ,,,,,,,,
R5,1,12k,R_0603_1608Metric,,594-MCS04020D1202BE0 ,,smt,Resistor,https://www.mouser.de/ProductDetail/Vishay-Beyschlag/MCS04020D1202BE000?qs=axlgi0kL0wJ8ZosgD%252B72yg%3D%3D,Vishay / Beyschlag ,MCS04020D1202BE000 ,,,,,,,,
R7,1,24k,R_0603_1608Metric,,667-ERA-3AEB243V ,,smt,Resistor,https://www.mouser.de/ProductDetail/Panasonic/ERA-3AEB243V?qs=bHJq1HQHzUi9RRBvvNlJYw%3D%3D, Panasonic ,ERA-3AEB243V ,,,,,,,,
TP6841S1,1,~,SOT-23-6,,,,smt,,https://lcsc.com/product-detail/DC-DC-Converters_TECH-PUBLIC-TP6841S6-A_C2844924.html,TECH PUBLIC,TP6841S6-A ,,,,,,,,
U1,1,STM32G474RETx,LQFP-64_10x10mm_P0.5mm,, 511-STM32G474RET6 ,,smt,"STMicroelectronics Arm Cortex-M4 MCU, 512KB flash, 128KB RAM, 170 MHz, 1.71-3.6V, 52 GPIO, LQFP64",https://www.mouser.de/ProductDetail/STMicroelectronics/STM32G474RET6?qs=PzGy0jfpSMvUBs7PMTDqlg%3D%3D,STMicroelectronics , STM32G474RET6 ,,,,,,,,
U2,1,USBLC6-2SC6,SOT-23-6,,511-USBLC6-2SC6 ,,smt,"Very low capacitance ESD protection diode, 2 data-line, SOT-23-6",https://www.mouser.de/ProductDetail/STMicroelectronics/USBLC6-2SC6?qs=po45yt2pPpu%2FhNIlwQdTlg%3D%3D,STMicroelectronics , USBLC6-2SC6 ,,511-USBLC6-2SC6 ,,,,,,
Y1,1,NX2016SA-24M-EXS00A-CS08891,NX2016SA24MEXS00ACS08891,,344-NX2016SA24S08891 ,,smt,Crystals CRYSTAL 24MHZ 6PF SMD,https://www.mouser.de/ProductDetail/NDK/NX2016SA-24M-EXS00A-CS08891?qs=w%2Fv1CP2dgqoU%2FAdFbbSfhw%3D%3D, NDK ,NX2016SA-24M-EXS00A-CS08891 ,,344-NX2016SA24S08891,,0.5,NDK,https://www.mouser.co.uk/ProductDetail/NDK/NX2016SA-24M-EXS00A-CS08891?qs=w%2Fv1CP2dgqoU%2FAdFbbSfhw%3D%3D,,
